Team,Season,Matches,Wins,Draws,Losses,GoalsFor,GoalsAgainst,Points,WinRate,PointsPerGame,GoalDifference,AvgAttendance,TotalAttendance,MatchesWithAttendance,AvgxG,AvgxGA,AvgPossession,AvgGoalsFor,AvgGoalsAgainst,TotalGoals,TotalAssists,TotalxG,TotalxAG,PlayerCount,AvgAge
Athletic Club,2019-20,38,13,12,13,41,38,51,0.34210526315789475,1.3421052631578947,3,35119.560563380284,12467444.0,355.0,1.2955654101995564,1.0496674057649669,49.54323725055433,1.288248337028825,1.0022172949002217,24.0,20.0,22.3,15.9,256.0,26.6640625
Athletic Club,2020-21,38,11,13,14,46,42,46,0.2894736842105263,1.2105263157894737,4,35119.560563380284,12467444.0,355.0,1.2955654101995564,1.0496674057649669,49.54323725055433,1.288248337028825,1.0022172949002217,24.0,20.0,22.3,15.9,256.0,26.6640625
Athletic Club,2021-22,38,14,13,11,43,36,55,0.3684210526315789,1.4473684210526316,7,35119.560563380284,12467444.0,355.0,1.2955654101995564,1.0496674057649669,49.54323725055433,1.288248337028825,1.0022172949002217,24.0,20.0,22.3,15.9,256.0,26.6640625
Athletic Club,2022-23,38,14,9,15,47,43,51,0.3684210526315789,1.3421052631578947,4,35119.560563380284,12467444.0,355.0,1.2955654101995564,1.0496674057649669,49.54323725055433,1.288248337028825,1.0022172949002217,24.0,20.0,22.3,15.9,256.0,26.6640625
Athletic Club,2023-24,38,19,11,8,61,37,68,0.5,1.7894736842105263,24,35119.560563380284,12467444.0,355.0,1.2955654101995564,1.0496674057649669,49.54323725055433,1.288248337028825,1.0022172949002217,24.0,20.0,22.3,15.9,256.0,26.6640625
Athletic Club,2024-25,38,19,13,6,54,29,70,0.5,1.8421052631578947,25,35119.560563380284,12467444.0,355.0,1.2955654101995564,1.0496674057649669,49.54323725055433,1.288248337028825,1.0022172949002217,24.0,20.0,22.3,15.9,256.0,26.6640625
Athletic Club,2025-26,10,4,2,4,9,10,14,0.4,1.4,-1,35119.560563380284,12467444.0,355.0,1.2955654101995564,1.0496674057649669,49.54323725055433,1.288248337028825,1.0022172949002217,24.0,20.0,22.3,15.9,256.0,26.6640625
Celta Vigo,2019-20,38,7,16,15,37,49,37,0.18421052631578946,0.9736842105263158,-12,22191.061971830986,7877827.0,355.0,1.22039911308204,1.2518847006651885,51.645232815964526,1.221729490022173,1.3835920177383592,22.0,14.0,22.0,16.8,239.0,26.225941422594143
Celta Vigo,2020-21,38,14,11,13,55,57,53,0.3684210526315789,1.394736842105263,-2,22191.061971830986,7877827.0,355.0,1.22039911308204,1.2518847006651885,51.645232815964526,1.221729490022173,1.3835920177383592,22.0,14.0,22.0,16.8,239.0,26.225941422594143
Celta Vigo,2021-22,38,12,10,16,43,43,46,0.3157894736842105,1.2105263157894737,0,22191.061971830986,7877827.0,355.0,1.22039911308204,1.2518847006651885,51.645232815964526,1.221729490022173,1.3835920177383592,22.0,14.0,22.0,16.8,239.0,26.225941422594143
Celta Vigo,2022-23,38,11,10,17,43,53,43,0.2894736842105263,1.131578947368421,-10,22191.061971830986,7877827.0,355.0,1.22039911308204,1.2518847006651885,51.645232815964526,1.221729490022173,1.3835920177383592,22.0,14.0,22.0,16.8,239.0,26.225941422594143
Celta Vigo,2023-24,38,10,11,17,46,57,41,0.2631578947368421,1.0789473684210527,-11,22191.061971830986,7877827.0,355.0,1.22039911308204,1.2518847006651885,51.645232815964526,1.221729490022173,1.3835920177383592,22.0,14.0,22.0,16.8,239.0,26.225941422594143
Celta Vigo,2024-25,38,16,7,15,59,57,55,0.42105263157894735,1.4473684210526316,2,22191.061971830986,7877827.0,355.0,1.22039911308204,1.2518847006651885,51.645232815964526,1.221729490022173,1.3835920177383592,22.0,14.0,22.0,16.8,239.0,26.225941422594143
Celta Vigo,2025-26,10,1,7,2,11,13,10,0.1,1.0,-2,22191.061971830986,7877827.0,355.0,1.22039911308204,1.2518847006651885,51.645232815964526,1.221729490022173,1.3835920177383592,22.0,14.0,22.0,16.8,239.0,26.225941422594143
Valencia,2019-20,38,14,11,13,46,53,53,0.3684210526315789,1.394736842105263,-7,32936.70903954802,11659595.0,354.0,1.1419068736141906,1.3197339246119735,47.23946784922395,1.1818181818181819,1.3481152993348116,13.0,7.0,10.3,7.0,205.0,24.13170731707317
Valencia,2020-21,38,10,13,15,50,53,43,0.2631578947368421,1.131578947368421,-3,32936.70903954802,11659595.0,354.0,1.1419068736141906,1.3197339246119735,47.23946784922395,1.1818181818181819,1.3481152993348116,13.0,7.0,10.3,7.0,205.0,24.13170731707317
Valencia,2021-22,38,11,15,12,48,53,48,0.2894736842105263,1.263157894736842,-5,32936.70903954802,11659595.0,354.0,1.1419068736141906,1.3197339246119735,47.23946784922395,1.1818181818181819,1.3481152993348116,13.0,7.0,10.3,7.0,205.0,24.13170731707317
Valencia,2022-23,38,11,9,18,42,45,42,0.2894736842105263,1.105263157894737,-3,32936.70903954802,11659595.0,354.0,1.1419068736141906,1.3197339246119735,47.23946784922395,1.1818181818181819,1.3481152993348116,13.0,7.0,10.3,7.0,205.0,24.13170731707317
Valencia,2023-24,38,13,10,15,40,45,49,0.34210526315789475,1.2894736842105263,-5,32936.70903954802,11659595.0,354.0,1.1419068736141906,1.3197339246119735,47.23946784922395,1.1818181818181819,1.3481152993348116,13.0,7.0,10.3,7.0,205.0,24.13170731707317
Valencia,2024-25,38,11,13,14,44,54,46,0.2894736842105263,1.2105263157894737,-10,32936.70903954802,11659595.0,354.0,1.1419068736141906,1.3197339246119735,47.23946784922395,1.1818181818181819,1.3481152993348116,13.0,7.0,10.3,7.0,205.0,24.13170731707317
Valencia,2025-26,10,2,3,5,10,16,9,0.2,0.9,-6,32936.70903954802,11659595.0,354.0,1.1419068736141906,1.3197339246119735,47.23946784922395,1.1818181818181819,1.3481152993348116,13.0,7.0,10.3,7.0,205.0,24.13170731707317
Mallorca,2019-20,38,9,6,23,40,65,33,0.23684210526315788,0.868421052631579,-25,21347.609065155808,7535706.0,353.0,1.0304,1.3128,44.474666666666664,0.9546666666666667,1.3786666666666667,15.0,12.0,16.1,11.4,255.0,27.976470588235294
Mallorca,2021-22,38,10,9,19,36,63,39,0.2631578947368421,1.0263157894736843,-27,21347.609065155808,7535706.0,353.0,1.0304,1.3128,44.474666666666664,0.9546666666666667,1.3786666666666667,15.0,12.0,16.1,11.4,255.0,27.976470588235294
Mallorca,2022-23,38,14,8,16,37,43,50,0.3684210526315789,1.3157894736842106,-6,21347.609065155808,7535706.0,353.0,1.0304,1.3128,44.474666666666664,0.9546666666666667,1.3786666666666667,15.0,12.0,16.1,11.4,255.0,27.976470588235294
Mallorca,2023-24,38,8,16,14,33,44,40,0.21052631578947367,1.0526315789473684,-11,21347.609065155808,7535706.0,353.0,1.0304,1.3128,44.474666666666664,0.9546666666666667,1.3786666666666667,15.0,12.0,16.1,11.4,255.0,27.976470588235294
Mallorca,2024-25,38,13,9,16,35,44,48,0.34210526315789475,1.263157894736842,-9,21347.609065155808,7535706.0,353.0,1.0304,1.3128,44.474666666666664,0.9546666666666667,1.3786666666666667,15.0,12.0,16.1,11.4,255.0,27.976470588235294
Mallorca,2025-26,10,2,3,5,11,15,9,0.2,0.9,-4,21347.609065155808,7535706.0,353.0,1.0304,1.3128,44.474666666666664,0.9546666666666667,1.3786666666666667,15.0,12.0,16.1,11.4,255.0,27.976470588235294
Leganés,2019-20,38,8,12,18,30,51,36,0.21052631578947367,0.9473684210526315,-21,19459.228813559323,2296189.0,118.0,0.9807142857142858,1.3342857142857143,43.25714285714286,0.8714285714285714,1.4,14.0,13.0,10.3,6.6,235.0,27.28936170212766
Leganés,2024-25,38,9,13,16,39,56,40,0.23684210526315788,1.0526315789473684,-17,19459.228813559323,2296189.0,118.0,0.9807142857142858,1.3342857142857143,43.25714285714286,0.8714285714285714,1.4,14.0,13.0,10.3,6.6,235.0,27.28936170212766
Villarreal,2019-20,38,18,6,14,63,49,60,0.47368421052631576,1.5789473684210527,14,22181.31920903955,7852187.0,354.0,1.6088888888888888,1.2542222222222221,53.306666666666665,1.6711111111111112,1.2466666666666666,25.0,19.0,24.400000000000002,17.1,219.0,26.91324200913242
Villarreal,2020-21,38,15,13,10,60,44,58,0.39473684210526316,1.5263157894736843,16,22181.31920903955,7852187.0,354.0,1.6088888888888888,1.2542222222222221,53.306666666666665,1.6711111111111112,1.2466666666666666,25.0,19.0,24.400000000000002,17.1,219.0,26.91324200913242
Villarreal,2021-22,38,16,11,11,63,37,59,0.42105263157894735,1.5526315789473684,26,22181.31920903955,7852187.0,354.0,1.6088888888888888,1.2542222222222221,53.306666666666665,1.6711111111111112,1.2466666666666666,25.0,19.0,24.400000000000002,17.1,219.0,26.91324200913242
Villarreal,2022-23,38,19,7,12,59,40,64,0.5,1.6842105263157894,19,22181.31920903955,7852187.0,354.0,1.6088888888888888,1.2542222222222221,53.306666666666665,1.6711111111111112,1.2466666666666666,25.0,19.0,24.400000000000002,17.1,219.0,26.91324200913242
Villarreal,2023-24,38,14,11,13,65,65,53,0.3684210526315789,1.394736842105263,0,22181.31920903955,7852187.0,354.0,1.6088888888888888,1.2542222222222221,53.306666666666665,1.6711111111111112,1.2466666666666666,25.0,19.0,24.400000000000002,17.1,219.0,26.91324200913242
Villarreal,2024-25,38,20,10,8,71,51,70,0.5263157894736842,1.8421052631578947,20,22181.31920903955,7852187.0,354.0,1.6088888888888888,1.2542222222222221,53.306666666666665,1.6711111111111112,1.2466666666666666,25.0,19.0,24.400000000000002,17.1,219.0,26.91324200913242
Villarreal,2025-26,10,6,2,2,18,10,20,0.6,2.0,8,22181.31920903955,7852187.0,354.0,1.6088888888888888,1.2542222222222221,53.306666666666665,1.6711111111111112,1.2466666666666666,25.0,19.0,24.400000000000002,17.1,219.0,26.91324200913242
Alavés,2019-20,38,10,9,19,34,59,39,0.2631578947368421,1.0263157894736843,-25,20686.783393501806,5730239.0,277.0,1.088,1.34,42.80266666666667,0.9253333333333333,1.464,16.0,8.0,15.0,8.8,236.0,26.423728813559322
Alavés,2020-21,38,9,11,18,36,57,38,0.23684210526315788,1.0,-21,20686.783393501806,5730239.0,277.0,1.088,1.34,42.80266666666667,0.9253333333333333,1.464,16.0,8.0,15.0,8.8,236.0,26.423728813559322
Alavés,2021-22,38,8,7,23,31,65,31,0.21052631578947367,0.8157894736842105,-34,20686.783393501806,5730239.0,277.0,1.088,1.34,42.80266666666667,0.9253333333333333,1.464,16.0,8.0,15.0,8.8,236.0,26.423728813559322
Alavés,2023-24,38,12,10,16,36,46,46,0.3157894736842105,1.2105263157894737,-10,20686.783393501806,5730239.0,277.0,1.088,1.34,42.80266666666667,0.9253333333333333,1.464,16.0,8.0,15.0,8.8,236.0,26.423728813559322
Alavés,2024-25,38,10,12,16,38,48,42,0.2631578947368421,1.105263157894737,-10,20686.783393501806,5730239.0,277.0,1.088,1.34,42.80266666666667,0.9253333333333333,1.464,16.0,8.0,15.0,8.8,236.0,26.423728813559322
Alavés,2025-26,10,3,3,4,9,9,12,0.3,1.2,0,20686.783393501806,5730239.0,277.0,1.088,1.34,42.80266666666667,0.9253333333333333,1.464,16.0,8.0,15.0,8.8,236.0,26.423728813559322
Espanol,2019-20,38,5,10,23,27,58,25,0.13157894736842105,0.6578947368421053,-31,,,,,,,,,,,,,,
Espanol,2021-22,38,10,12,16,40,53,42,0.2631578947368421,1.105263157894737,-13,,,,,,,,,,,,,,
Espanol,2022-23,38,8,13,17,52,69,37,0.21052631578947367,0.9736842105263158,-17,,,,,,,,,,,,,,
Espanol,2024-25,38,11,9,18,40,51,42,0.2894736842105263,1.105263157894737,-11,,,,,,,,,,,,,,
Espanol,2025-26,10,5,3,2,14,11,18,0.5,1.8,3,,,,,,,,,,,,,,
Real Betis,2019-20,38,10,11,17,48,60,41,0.2631578947368421,1.0789473684210527,-12,38255.43661971831,13580680.0,355.0,1.329268292682927,1.2862527716186254,52.77827050997783,1.352549889135255,1.246119733924612,13.0,10.0,21.6,15.5,236.0,26.88135593220339
Real Betis,2020-21,38,17,10,11,50,50,61,0.4473684210526316,1.605263157894737,0,38255.43661971831,13580680.0,355.0,1.329268292682927,1.2862527716186254,52.77827050997783,1.352549889135255,1.246119733924612,13.0,10.0,21.6,15.5,236.0,26.88135593220339
Real Betis,2021-22,38,19,8,11,62,40,65,0.5,1.7105263157894737,22,38255.43661971831,13580680.0,355.0,1.329268292682927,1.2862527716186254,52.77827050997783,1.352549889135255,1.246119733924612,13.0,10.0,21.6,15.5,236.0,26.88135593220339
Real Betis,2022-23,38,17,9,12,46,41,60,0.4473684210526316,1.5789473684210527,5,38255.43661971831,13580680.0,355.0,1.329268292682927,1.2862527716186254,52.77827050997783,1.352549889135255,1.246119733924612,13.0,10.0,21.6,15.5,236.0,26.88135593220339
Real Betis,2023-24,38,14,15,9,48,45,57,0.3684210526315789,1.5,3,38255.43661971831,13580680.0,355.0,1.329268292682927,1.2862527716186254,52.77827050997783,1.352549889135255,1.246119733924612,13.0,10.0,21.6,15.5,236.0,26.88135593220339
Real Betis,2024-25,38,16,12,10,57,50,60,0.42105263157894735,1.5789473684210527,7,38255.43661971831,13580680.0,355.0,1.329268292682927,1.2862527716186254,52.77827050997783,1.352549889135255,1.246119733924612,13.0,10.0,21.6,15.5,236.0,26.88135593220339
Real Betis,2025-26,10,4,4,2,15,12,16,0.4,1.6,3,38255.43661971831,13580680.0,355.0,1.329268292682927,1.2862527716186254,52.77827050997783,1.352549889135255,1.246119733924612,13.0,10.0,21.6,15.5,236.0,26.88135593220339
Atletico Madrid,2019-20,38,18,16,4,51,27,70,0.47368421052631576,1.8421052631578947,24,42692.260623229464,15070368.0,353.0,1.5452328159645232,0.9529933481152993,50.92461197339246,1.7095343680709534,0.8802660753880266,,,,,,
Atletico Madrid,2020-21,38,26,8,4,67,25,86,0.6842105263157895,2.263157894736842,42,42692.260623229464,15070368.0,353.0,1.5452328159645232,0.9529933481152993,50.92461197339246,1.7095343680709534,0.8802660753880266,,,,,,
Atletico Madrid,2021-22,38,21,8,9,65,43,71,0.5526315789473685,1.868421052631579,22,42692.260623229464,15070368.0,353.0,1.5452328159645232,0.9529933481152993,50.92461197339246,1.7095343680709534,0.8802660753880266,,,,,,
Atletico Madrid,2022-23,38,23,8,7,70,33,77,0.6052631578947368,2.026315789473684,37,42692.260623229464,15070368.0,353.0,1.5452328159645232,0.9529933481152993,50.92461197339246,1.7095343680709534,0.8802660753880266,,,,,,
Atletico Madrid,2023-24,38,24,4,10,70,43,76,0.631578947368421,2.0,27,42692.260623229464,15070368.0,353.0,1.5452328159645232,0.9529933481152993,50.92461197339246,1.7095343680709534,0.8802660753880266,,,,,,
Atletico Madrid,2024-25,38,22,10,6,68,30,76,0.5789473684210527,2.0,38,42692.260623229464,15070368.0,353.0,1.5452328159645232,0.9529933481152993,50.92461197339246,1.7095343680709534,0.8802660753880266,,,,,,
Atletico Madrid,2025-26,10,5,4,1,18,10,19,0.5,1.9,8,42692.260623229464,15070368.0,353.0,1.5452328159645232,0.9529933481152993,50.92461197339246,1.7095343680709534,0.8802660753880266,,,,,,
Granada,2019-20,38,16,8,14,52,45,56,0.42105263157894735,1.4736842105263157,7,21035.88349514563,4333392.0,206.0,1.1032894736842105,1.4769736842105263,43.875,1.1907894736842106,1.644736842105263,,,,,,
Granada,2020-21,38,13,7,18,47,65,46,0.34210526315789475,1.2105263157894737,-18,21035.88349514563,4333392.0,206.0,1.1032894736842105,1.4769736842105263,43.875,1.1907894736842106,1.644736842105263,,,,,,
Granada,2021-22,38,8,14,16,44,61,38,0.21052631578947367,1.0,-17,21035.88349514563,4333392.0,206.0,1.1032894736842105,1.4769736842105263,43.875,1.1907894736842106,1.644736842105263,,,,,,
Granada,2023-24,38,4,9,25,38,79,21,0.10526315789473684,0.5526315789473685,-41,21035.88349514563,4333392.0,206.0,1.1032894736842105,1.4769736842105263,43.875,1.1907894736842106,1.644736842105263,,,,,,
Levante,2019-20,38,14,7,17,47,53,49,0.3684210526315789,1.2894736842105263,-6,20398.861313868612,2794644.0,137.0,1.2659574468085106,1.5021276595744681,48.91063829787234,1.2723404255319148,1.6425531914893616,,,,,,
Levante,2020-21,38,9,14,15,46,57,41,0.23684210526315788,1.0789473684210527,-11,20398.861313868612,2794644.0,137.0,1.2659574468085106,1.5021276595744681,48.91063829787234,1.2723404255319148,1.6425531914893616,,,,,,
Levante,2021-22,38,8,11,19,51,76,35,0.21052631578947367,0.9210526315789473,-25,20398.861313868612,2794644.0,137.0,1.2659574468085106,1.5021276595744681,48.91063829787234,1.2723404255319148,1.6425531914893616,,,,,,
Levante,2025-26,10,2,3,5,14,18,9,0.2,0.9,-4,20398.861313868612,2794644.0,137.0,1.2659574468085106,1.5021276595744681,48.91063829787234,1.2723404255319148,1.6425531914893616,,,,,,
Osasuna,2019-20,38,13,13,12,46,54,52,0.34210526315789475,1.368421052631579,-8,22985.73937677054,8113966.0,353.0,1.086031042128603,1.2776053215077607,46.507760532150776,1.0842572062084257,1.3259423503325942,18.0,10.0,15.2,9.8,238.0,27.19327731092437
Osasuna,2020-21,38,11,11,16,37,48,44,0.2894736842105263,1.1578947368421053,-11,22985.73937677054,8113966.0,353.0,1.086031042128603,1.2776053215077607,46.507760532150776,1.0842572062084257,1.3259423503325942,18.0,10.0,15.2,9.8,238.0,27.19327731092437
Osasuna,2021-22,38,12,11,15,37,51,47,0.3157894736842105,1.236842105263158,-14,22985.73937677054,8113966.0,353.0,1.086031042128603,1.2776053215077607,46.507760532150776,1.0842572062084257,1.3259423503325942,18.0,10.0,15.2,9.8,238.0,27.19327731092437
Osasuna,2022-23,38,15,8,15,37,42,53,0.39473684210526316,1.394736842105263,-5,22985.73937677054,8113966.0,353.0,1.086031042128603,1.2776053215077607,46.507760532150776,1.0842572062084257,1.3259423503325942,18.0,10.0,15.2,9.8,238.0,27.19327731092437
Osasuna,2023-24,38,12,9,17,45,56,45,0.3157894736842105,1.1842105263157894,-11,22985.73937677054,8113966.0,353.0,1.086031042128603,1.2776053215077607,46.507760532150776,1.0842572062084257,1.3259423503325942,18.0,10.0,15.2,9.8,238.0,27.19327731092437
Osasuna,2024-25,38,12,16,10,48,52,52,0.3157894736842105,1.368421052631579,-4,22985.73937677054,8113966.0,353.0,1.086031042128603,1.2776053215077607,46.507760532150776,1.0842572062084257,1.3259423503325942,18.0,10.0,15.2,9.8,238.0,27.19327731092437
Osasuna,2025-26,10,3,1,6,9,12,10,0.3,1.0,-3,22985.73937677054,8113966.0,353.0,1.086031042128603,1.2776053215077607,46.507760532150776,1.0842572062084257,1.3259423503325942,18.0,10.0,15.2,9.8,238.0,27.19327731092437
Real Madrid,2019-20,38,26,9,3,70,25,87,0.6842105263157895,2.289473684210526,45,45751.7223796034,16150358.0,353.0,1.8456762749445677,1.011529933481153,59.80266075388027,2.011086474501109,0.8048780487804879,31.0,22.0,29.4,19.7,223.0,26.58744394618834
Real Madrid,2020-21,38,25,9,4,67,28,84,0.6578947368421053,2.210526315789474,39,45751.7223796034,16150358.0,353.0,1.8456762749445677,1.011529933481153,59.80266075388027,2.011086474501109,0.8048780487804879,31.0,22.0,29.4,19.7,223.0,26.58744394618834
Real Madrid,2021-22,38,26,8,4,80,31,86,0.6842105263157895,2.263157894736842,49,45751.7223796034,16150358.0,353.0,1.8456762749445677,1.011529933481153,59.80266075388027,2.011086474501109,0.8048780487804879,31.0,22.0,29.4,19.7,223.0,26.58744394618834
Real Madrid,2022-23,38,24,6,8,75,36,78,0.631578947368421,2.0526315789473686,39,45751.7223796034,16150358.0,353.0,1.8456762749445677,1.011529933481153,59.80266075388027,2.011086474501109,0.8048780487804879,31.0,22.0,29.4,19.7,223.0,26.58744394618834
Real Madrid,2023-24,38,29,8,1,87,26,95,0.7631578947368421,2.5,61,45751.7223796034,16150358.0,353.0,1.8456762749445677,1.011529933481153,59.80266075388027,2.011086474501109,0.8048780487804879,31.0,22.0,29.4,19.7,223.0,26.58744394618834
Real Madrid,2024-25,38,26,6,6,78,38,84,0.6842105263157895,2.210526315789474,40,45751.7223796034,16150358.0,353.0,1.8456762749445677,1.011529933481153,59.80266075388027,2.011086474501109,0.8048780487804879,31.0,22.0,29.4,19.7,223.0,26.58744394618834
Real Madrid,2025-26,10,9,0,1,22,10,27,0.9,2.7,12,45751.7223796034,16150358.0,353.0,1.8456762749445677,1.011529933481153,59.80266075388027,2.011086474501109,0.8048780487804879,31.0,22.0,29.4,19.7,223.0,26.58744394618834
Getafe,2019-20,38,14,12,12,43,37,54,0.3684210526315789,1.4210526315789473,6,19333.371104815866,6824680.0,353.0,0.9767184035476718,1.160532150776053,42.7649667405765,0.9379157427937915,1.1286031042128604,10.0,4.0,14.6,8.6,232.0,26.08189655172414
Getafe,2020-21,38,9,11,18,28,43,38,0.23684210526315788,1.0,-15,19333.371104815866,6824680.0,353.0,0.9767184035476718,1.160532150776053,42.7649667405765,0.9379157427937915,1.1286031042128604,10.0,4.0,14.6,8.6,232.0,26.08189655172414
Getafe,2021-22,38,8,15,15,33,41,39,0.21052631578947367,1.0263157894736843,-8,19333.371104815866,6824680.0,353.0,0.9767184035476718,1.160532150776053,42.7649667405765,0.9379157427937915,1.1286031042128604,10.0,4.0,14.6,8.6,232.0,26.08189655172414
Getafe,2022-23,38,10,12,16,34,45,42,0.2631578947368421,1.105263157894737,-11,19333.371104815866,6824680.0,353.0,0.9767184035476718,1.160532150776053,42.7649667405765,0.9379157427937915,1.1286031042128604,10.0,4.0,14.6,8.6,232.0,26.08189655172414
Getafe,2023-24,38,10,13,15,42,54,43,0.2631578947368421,1.131578947368421,-12,19333.371104815866,6824680.0,353.0,0.9767184035476718,1.160532150776053,42.7649667405765,0.9379157427937915,1.1286031042128604,10.0,4.0,14.6,8.6,232.0,26.08189655172414
Getafe,2024-25,38,11,9,18,34,39,42,0.2894736842105263,1.105263157894737,-5,19333.371104815866,6824680.0,353.0,0.9767184035476718,1.160532150776053,42.7649667405765,0.9379157427937915,1.1286031042128604,10.0,4.0,14.6,8.6,232.0,26.08189655172414
Getafe,2025-26,10,4,2,4,10,12,14,0.4,1.4,-2,19333.371104815866,6824680.0,353.0,0.9767184035476718,1.160532150776053,42.7649667405765,0.9379157427937915,1.1286031042128604,10.0,4.0,14.6,8.6,232.0,26.08189655172414
Barcelona,2019-20,38,25,7,6,86,38,82,0.6578947368421053,2.1578947368421053,48,44449.26912181303,15690592.0,353.0,1.9583148558758317,1.0082039911308203,65.42128603104213,2.1507760532150777,0.9423503325942351,48.0,34.0,40.3,30.400000000000002,251.0,23.641434262948206
Barcelona,2020-21,38,24,7,7,85,38,79,0.631578947368421,2.0789473684210527,47,44449.26912181303,15690592.0,353.0,1.9583148558758317,1.0082039911308203,65.42128603104213,2.1507760532150777,0.9423503325942351,48.0,34.0,40.3,30.400000000000002,251.0,23.641434262948206
Barcelona,2021-22,38,21,10,7,68,38,73,0.5526315789473685,1.9210526315789473,30,44449.26912181303,15690592.0,353.0,1.9583148558758317,1.0082039911308203,65.42128603104213,2.1507760532150777,0.9423503325942351,48.0,34.0,40.3,30.400000000000002,251.0,23.641434262948206
Barcelona,2022-23,38,28,4,6,70,20,88,0.7368421052631579,2.3157894736842106,50,44449.26912181303,15690592.0,353.0,1.9583148558758317,1.0082039911308203,65.42128603104213,2.1507760532150777,0.9423503325942351,48.0,34.0,40.3,30.400000000000002,251.0,23.641434262948206
Barcelona,2023-24,38,26,7,5,79,44,85,0.6842105263157895,2.236842105263158,35,44449.26912181303,15690592.0,353.0,1.9583148558758317,1.0082039911308203,65.42128603104213,2.1507760532150777,0.9423503325942351,48.0,34.0,40.3,30.400000000000002,251.0,23.641434262948206
Barcelona,2024-25,38,28,4,6,102,39,88,0.7368421052631579,2.3157894736842106,63,44449.26912181303,15690592.0,353.0,1.9583148558758317,1.0082039911308203,65.42128603104213,2.1507760532150777,0.9423503325942351,48.0,34.0,40.3,30.400000000000002,251.0,23.641434262948206
Barcelona,2025-26,10,7,1,2,25,12,22,0.7,2.2,13,44449.26912181303,15690592.0,353.0,1.9583148558758317,1.0082039911308203,65.42128603104213,2.1507760532150777,0.9423503325942351,48.0,34.0,40.3,30.400000000000002,251.0,23.641434262948206
Sevilla,2019-20,38,19,13,6,54,34,70,0.5,1.8421052631578947,20,31424.335211267604,11155639.0,355.0,1.2401330376940132,1.175831485587583,55.46119733924612,1.3170731707317074,1.1330376940133038,11.0,9.0,16.5,10.7,235.0,25.97872340425532
Sevilla,2020-21,38,24,5,9,53,33,77,0.631578947368421,2.026315789473684,20,31424.335211267604,11155639.0,355.0,1.2401330376940132,1.175831485587583,55.46119733924612,1.3170731707317074,1.1330376940133038,11.0,9.0,16.5,10.7,235.0,25.97872340425532
Sevilla,2021-22,38,18,16,4,53,30,70,0.47368421052631576,1.8421052631578947,23,31424.335211267604,11155639.0,355.0,1.2401330376940132,1.175831485587583,55.46119733924612,1.3170731707317074,1.1330376940133038,11.0,9.0,16.5,10.7,235.0,25.97872340425532
Sevilla,2022-23,38,13,10,15,47,54,49,0.34210526315789475,1.2894736842105263,-7,31424.335211267604,11155639.0,355.0,1.2401330376940132,1.175831485587583,55.46119733924612,1.3170731707317074,1.1330376940133038,11.0,9.0,16.5,10.7,235.0,25.97872340425532
Sevilla,2023-24,38,10,11,17,48,54,41,0.2631578947368421,1.0789473684210527,-6,31424.335211267604,11155639.0,355.0,1.2401330376940132,1.175831485587583,55.46119733924612,1.3170731707317074,1.1330376940133038,11.0,9.0,16.5,10.7,235.0,25.97872340425532
Sevilla,2024-25,38,10,11,17,42,55,41,0.2631578947368421,1.0789473684210527,-13,31424.335211267604,11155639.0,355.0,1.2401330376940132,1.175831485587583,55.46119733924612,1.3170731707317074,1.1330376940133038,11.0,9.0,16.5,10.7,235.0,25.97872340425532
Sevilla,2025-26,10,4,1,5,17,16,13,0.4,1.3,1,31424.335211267604,11155639.0,355.0,1.2401330376940132,1.175831485587583,55.46119733924612,1.3170731707317074,1.1330376940133038,11.0,9.0,16.5,10.7,235.0,25.97872340425532
Real Sociedad,2019-20,38,16,8,14,56,48,56,0.42105263157894735,1.4736842105263157,8,29673.88888888889,10415535.0,351.0,1.3259423503325942,1.0580931263858093,54.89578713968958,1.2838137472283815,1.0598669623059866,12.0,9.0,18.3,14.4,235.0,24.974468085106384
Real Sociedad,2020-21,38,17,11,10,59,38,62,0.4473684210526316,1.631578947368421,21,29673.88888888889,10415535.0,351.0,1.3259423503325942,1.0580931263858093,54.89578713968958,1.2838137472283815,1.0598669623059866,12.0,9.0,18.3,14.4,235.0,24.974468085106384
Real Sociedad,2021-22,38,17,11,10,40,37,62,0.4473684210526316,1.631578947368421,3,29673.88888888889,10415535.0,351.0,1.3259423503325942,1.0580931263858093,54.89578713968958,1.2838137472283815,1.0598669623059866,12.0,9.0,18.3,14.4,235.0,24.974468085106384
Real Sociedad,2022-23,38,21,8,9,51,35,71,0.5526315789473685,1.868421052631579,16,29673.88888888889,10415535.0,351.0,1.3259423503325942,1.0580931263858093,54.89578713968958,1.2838137472283815,1.0598669623059866,12.0,9.0,18.3,14.4,235.0,24.974468085106384
Real Sociedad,2023-24,38,16,12,10,51,39,60,0.42105263157894735,1.5789473684210527,12,29673.88888888889,10415535.0,351.0,1.3259423503325942,1.0580931263858093,54.89578713968958,1.2838137472283815,1.0598669623059866,12.0,9.0,18.3,14.4,235.0,24.974468085106384
Real Sociedad,2024-25,38,13,7,18,35,46,46,0.34210526315789475,1.2105263157894737,-11,29673.88888888889,10415535.0,351.0,1.3259423503325942,1.0580931263858093,54.89578713968958,1.2838137472283815,1.0598669623059866,12.0,9.0,18.3,14.4,235.0,24.974468085106384
Real Sociedad,2025-26,10,2,3,5,10,14,9,0.2,0.9,-4,29673.88888888889,10415535.0,351.0,1.3259423503325942,1.0580931263858093,54.89578713968958,1.2838137472283815,1.0598669623059866,12.0,9.0,18.3,14.4,235.0,24.974468085106384
Eibar,2019-20,38,11,9,18,39,56,42,0.2894736842105263,1.105263157894737,-17,17556.703703703704,948062.0,54.0,1.1473684210526316,1.2934210526315788,47.81578947368421,0.8947368421052632,1.4210526315789473,,,,,,
Eibar,2020-21,38,6,12,20,29,52,30,0.15789473684210525,0.7894736842105263,-23,17556.703703703704,948062.0,54.0,1.1473684210526316,1.2934210526315788,47.81578947368421,0.8947368421052632,1.4210526315789473,,,,,,
Valladolid,2019-20,38,9,15,14,32,43,42,0.23684210526315788,1.105263157894737,-11,24571.09793814433,4766793.0,194.0,0.9849315068493152,1.56986301369863,45.47945205479452,0.8253424657534246,1.63013698630137,9.0,6.0,11.4,7.4,222.0,25.41891891891892
Valladolid,2020-21,38,5,16,17,34,57,31,0.13157894736842105,0.8157894736842105,-23,24571.09793814433,4766793.0,194.0,0.9849315068493152,1.56986301369863,45.47945205479452,0.8253424657534246,1.63013698630137,9.0,6.0,11.4,7.4,222.0,25.41891891891892
Valladolid,2022-23,38,11,7,20,33,63,40,0.2894736842105263,1.0526315789473684,-30,24571.09793814433,4766793.0,194.0,0.9849315068493152,1.56986301369863,45.47945205479452,0.8253424657534246,1.63013698630137,9.0,6.0,11.4,7.4,222.0,25.41891891891892
Valladolid,2024-25,38,4,4,30,26,90,16,0.10526315789473684,0.42105263157894735,-64,24571.09793814433,4766793.0,194.0,0.9849315068493152,1.56986301369863,45.47945205479452,0.8253424657534246,1.63013698630137,9.0,6.0,11.4,7.4,222.0,25.41891891891892
Cádiz,2020-21,38,11,11,16,36,58,44,0.2894736842105263,1.1578947368421053,-22,21640.508771929824,4934036.0,228.0,0.9953947368421053,1.430263157894737,40.33552631578947,0.8355263157894737,1.4276315789473684,,,,,,
Cádiz,2021-22,38,8,15,15,35,51,39,0.21052631578947367,1.0263157894736843,-16,21640.508771929824,4934036.0,228.0,0.9953947368421053,1.430263157894737,40.33552631578947,0.8355263157894737,1.4276315789473684,,,,,,
Cádiz,2022-23,38,10,12,16,30,53,42,0.2631578947368421,1.105263157894737,-23,21640.508771929824,4934036.0,228.0,0.9953947368421053,1.430263157894737,40.33552631578947,0.8355263157894737,1.4276315789473684,,,,,,
Cádiz,2023-24,38,6,15,17,26,55,33,0.15789473684210525,0.868421052631579,-29,21640.508771929824,4934036.0,228.0,0.9953947368421053,1.430263157894737,40.33552631578947,0.8355263157894737,1.4276315789473684,,,,,,
Huesca,2020-21,38,7,13,18,34,53,34,0.18421052631578946,0.8947368421052632,-19,,0.0,0.0,1.0157894736842106,1.269736842105263,48.3421052631579,0.8947368421052632,1.394736842105263,,,,,,
Elche,2020-21,38,8,12,18,34,55,36,0.21052631578947367,0.9473684210526315,-21,21483.54658385093,3458851.0,161.0,0.8991489361702129,1.6514893617021278,47.45106382978724,0.9276595744680851,1.5063829787234042,,,,,,
Elche,2021-22,38,11,9,18,40,52,42,0.2894736842105263,1.105263157894737,-12,21483.54658385093,3458851.0,161.0,0.8991489361702129,1.6514893617021278,47.45106382978724,0.9276595744680851,1.5063829787234042,,,,,,
Elche,2022-23,38,5,10,23,30,67,25,0.13157894736842105,0.6578947368421053,-37,21483.54658385093,3458851.0,161.0,0.8991489361702129,1.6514893617021278,47.45106382978724,0.9276595744680851,1.5063829787234042,,,,,,
Elche,2025-26,10,3,5,2,11,10,14,0.3,1.4,1,21483.54658385093,3458851.0,161.0,0.8991489361702129,1.6514893617021278,47.45106382978724,0.9276595744680851,1.5063829787234042,,,,,,
Rayo Vallecano,2021-22,38,11,9,18,39,50,42,0.2894736842105263,1.105263157894737,-11,19187.434782608696,5737043.0,299.0,1.160535117056856,1.2585284280936455,50.491638795986624,1.0100334448160535,1.2842809364548495,10.0,8.0,13.700000000000001,10.5,208.0,28.95673076923077
Rayo Vallecano,2022-23,38,13,10,15,45,53,49,0.34210526315789475,1.2894736842105263,-8,19187.434782608696,5737043.0,299.0,1.160535117056856,1.2585284280936455,50.491638795986624,1.0100334448160535,1.2842809364548495,10.0,8.0,13.700000000000001,10.5,208.0,28.95673076923077
Rayo Vallecano,2023-24,38,8,14,16,29,48,38,0.21052631578947367,1.0,-19,19187.434782608696,5737043.0,299.0,1.160535117056856,1.2585284280936455,50.491638795986624,1.0100334448160535,1.2842809364548495,10.0,8.0,13.700000000000001,10.5,208.0,28.95673076923077
Rayo Vallecano,2024-25,38,13,13,12,41,45,52,0.34210526315789475,1.368421052631579,-4,19187.434782608696,5737043.0,299.0,1.160535117056856,1.2585284280936455,50.491638795986624,1.0100334448160535,1.2842809364548495,10.0,8.0,13.700000000000001,10.5,208.0,28.95673076923077
Rayo Vallecano,2025-26,10,4,2,4,12,10,14,0.4,1.4,2,19187.434782608696,5737043.0,299.0,1.160535117056856,1.2585284280936455,50.491638795986624,1.0100334448160535,1.2842809364548495,10.0,8.0,13.700000000000001,10.5,208.0,28.95673076923077
Almeria,2022-23,38,11,8,19,49,65,41,0.2894736842105263,1.0789473684210527,-16,21140.276315789473,3213322.0,152.0,1.236842105263158,1.6394736842105262,45.73684210526316,1.2105263157894737,1.8421052631578947,,,,,,
Almeria,2023-24,38,3,12,23,43,75,21,0.07894736842105263,0.5526315789473685,-32,21140.276315789473,3213322.0,152.0,1.236842105263158,1.6394736842105262,45.73684210526316,1.2105263157894737,1.8421052631578947,,,,,,
Girona,2022-23,38,13,10,15,58,55,49,0.34210526315789475,1.2894736842105263,3,20957.363228699553,4673492.0,223.0,1.4408071748878923,1.4237668161434978,54.56502242152467,1.6457399103139014,1.4215246636771302,21.0,15.0,19.5,13.9,229.0,26.733624454148472
Girona,2023-24,38,25,6,7,85,46,81,0.6578947368421053,2.1315789473684212,39,20957.363228699553,4673492.0,223.0,1.4408071748878923,1.4237668161434978,54.56502242152467,1.6457399103139014,1.4215246636771302,21.0,15.0,19.5,13.9,229.0,26.733624454148472
Girona,2024-25,38,11,8,19,44,60,41,0.2894736842105263,1.0789473684210527,-16,20957.363228699553,4673492.0,223.0,1.4408071748878923,1.4237668161434978,54.56502242152467,1.6457399103139014,1.4215246636771302,21.0,15.0,19.5,13.9,229.0,26.733624454148472
Girona,2025-26,10,1,4,5,9,22,7,0.1,0.7,-13,20957.363228699553,4673492.0,223.0,1.4408071748878923,1.4237668161434978,54.56502242152467,1.6457399103139014,1.4215246636771302,21.0,15.0,19.5,13.9,229.0,26.733624454148472
Las Palmas,2023-24,38,10,10,18,33,47,40,0.2631578947368421,1.0526315789473684,-14,26562.77142857143,3718788.0,140.0,0.9071428571428571,1.6264285714285713,55.31428571428572,0.9714285714285714,1.4214285714285715,18.0,14.0,13.9,10.4,243.0,27.40740740740741
Las Palmas,2024-25,38,8,8,22,40,61,32,0.21052631578947367,0.8421052631578947,-21,26562.77142857143,3718788.0,140.0,0.9071428571428571,1.6264285714285713,55.31428571428572,0.9714285714285714,1.4214285714285715,18.0,14.0,13.9,10.4,243.0,27.40740740740741
Oviedo,2025-26,10,2,1,7,7,19,7,0.2,0.7,-12,23253.5,139521.0,6.0,0.7285714285714285,1.6857142857142857,38.42857142857143,0.5714285714285714,1.7142857142857142,,,,,,
